time_sec,x,y,heading_deg,velocity_mps,velocity_kmh,steering_deg,dist_to_goal_m,status
0.0,6.125,-1.375,45.0,0.0,0.0,0.0,24.93,ACCELERATING
0.1,6.136,-1.364,45.0,0.15,0.54,0.0,24.92,ACCELERATING
0.2,6.157,-1.343,45.0,0.3,1.08,0.0,24.9,ACCELERATING
0.3,6.189,-1.311,45.0,0.45,1.62,0.0,24.87,ACCELERATING
0.4,6.231,-1.269,45.0,0.6,2.16,0.0,24.83,ACCELERATING
0.5,6.284,-1.216,45.0,0.75,2.7,0.0,24.78,ACCELERATING
0.6,6.348,-1.152,45.0,0.9,3.24,-0.36,24.72,ACCELERATING
0.7,6.422,-1.078,44.98,1.05,3.78,-0.92,24.65,ACCELERATING
0.8,6.507,-0.993,44.92,1.2,4.32,-0.93,24.58,ACCELERATING
0.9,6.602,-0.898,44.85,1.35,4.86,8.04,24.49,ACCELERATING
1.0,6.709,-0.792,45.52,1.5,5.4,14.56,24.39,TURNING_LEFT
1.1,6.824,-0.674,46.89,1.65,5.94,10.49,24.29,ACCELERATING
1.2,6.947,-0.543,47.95,1.8,6.48,7.32,24.18,ACCELERATING
1.3,7.078,-0.398,48.74,1.95,7.02,4.92,24.06,ACCELERATING
1.4,7.217,-0.24,49.32,2.1,7.56,2.77,23.94,ACCELERATING
1.5,7.363,-0.07,49.67,2.25,8.1,0.16,23.82,ACCELERATING
1.6,7.519,0.113,49.69,2.4,8.64,-2.25,23.69,ACCELERATING
1.7,7.683,0.308,49.37,2.55,9.18,4.4,23.55,ACCELERATING
1.8,7.859,0.513,50.03,2.7,9.72,23.02,23.41,TURNING_LEFT
1.9,8.02,0.704,53.41,2.5,9.0,15.11,23.28,TURNING_LEFT
2.0,8.169,0.906,55.57,2.51,9.03,-3.93,23.16,ACCELERATING
2.1,8.32,1.125,54.99,2.66,9.57,-29.23,23.05,TURNING_RIGHT
2.2,8.461,1.326,50.61,2.46,8.85,-32.0,22.95,TURNING_RIGHT
2.3,8.604,1.501,46.12,2.26,8.13,-32.0,22.84,TURNING_RIGHT
2.4,8.747,1.649,42.02,2.06,7.41,-32.0,22.73,TURNING_RIGHT
2.5,8.885,1.774,38.32,1.86,6.69,-32.0,22.62,TURNING_RIGHT
2.6,9.015,1.877,35.02,1.66,5.97,-32.0,22.52,TURNING_RIGHT
2.7,9.135,1.96,32.12,1.46,5.25,-32.0,22.42,TURNING_RIGHT
2.8,9.253,2.035,29.34,1.4,5.04,-32.0,22.32,TURNING_RIGHT
2.9,9.375,2.103,26.55,1.4,5.04,-32.0,22.22,TURNING_RIGHT
3.0,9.5,2.166,23.77,1.4,5.04,-32.0,22.11,TURNING_RIGHT
3.1,9.629,2.222,20.98,1.4,5.04,-32.0,22.0,TURNING_RIGHT
3.2,9.759,2.272,18.2,1.4,5.04,-32.0,21.89,TURNING_RIGHT
3.3,9.892,2.316,15.42,1.4,5.04,-32.0,21.77,TURNING_RIGHT
3.4,10.027,2.353,12.63,1.4,5.04,-32.0,21.65,TURNING_RIGHT
3.5,10.164,2.384,9.85,1.4,5.04,-32.0,21.52,TURNING_RIGHT
3.6,10.302,2.408,7.06,1.4,5.04,-32.0,21.39,TURNING_RIGHT
3.7,10.441,2.425,4.28,1.4,5.04,-32.0,21.26,TURNING_RIGHT
3.8,10.58,2.436,1.49,1.4,5.04,-32.0,21.13,TURNING_RIGHT
3.9,10.72,2.439,-1.29,1.4,5.04,-32.0,21.0,TURNING_RIGHT
4.0,10.86,2.436,-4.08,1.4,5.04,-32.0,20.86,TURNING_RIGHT
4.1,11.0,2.426,-6.86,1.4,5.04,-32.0,20.72,TURNING_RIGHT
4.2,11.139,2.409,-9.65,1.4,5.04,-32.0,20.58,TURNING_RIGHT
4.3,11.277,2.386,-12.43,1.4,5.04,-32.0,20.45,TURNING_RIGHT
4.4,11.414,2.356,-15.22,1.4,5.04,-32.0,20.31,TURNING_RIGHT
4.5,11.549,2.319,-18.0,1.4,5.04,-32.0,20.17,TURNING_RIGHT
4.6,11.682,2.276,-20.78,1.4,5.04,-32.0,20.03,TURNING_RIGHT
4.7,11.813,2.226,-23.57,1.4,5.04,-32.0,19.89,TURNING_RIGHT
4.8,11.941,2.17,-26.35,1.4,5.04,-30.68,19.75,TURNING_RIGHT
4.9,12.074,2.104,-29.16,1.49,5.35,-19.98,19.6,TURNING_RIGHT
5.0,12.217,2.024,-31.06,1.64,5.89,-9.06,19.44,ACCELERATING
5.1,12.37,1.932,-31.96,1.79,6.43,1.08,19.27,ACCELERATING
5.2,12.535,1.83,-31.85,1.94,6.97,9.68,19.09,ACCELERATING
5.3,12.712,1.72,-30.71,2.09,7.51,19.97,18.89,TURNING_LEFT
5.4,12.9,1.608,-28.18,2.19,7.88,22.62,18.68,TURNING_LEFT
5.5,13.078,1.513,-25.51,2.02,7.26,24.13,18.48,TURNING_LEFT
5.6,13.251,1.43,-22.78,1.92,6.9,24.69,18.29,TURNING_LEFT
5.7,13.424,1.357,-20.03,1.88,6.77,24.52,18.11,TURNING_LEFT
5.8,13.602,1.292,-17.28,1.89,6.81,23.77,17.92,TURNING_LEFT
5.9,13.787,1.235,-14.56,1.94,6.98,22.59,17.73,TURNING_LEFT
6.0,13.982,1.184,-11.89,2.02,7.26,21.07,17.52,TURNING_LEFT
6.1,14.189,1.141,-9.29,2.12,7.62,19.28,17.31,TURNING_LEFT
6.2,14.41,1.104,-6.8,2.23,8.05,17.26,17.09,TURNING_LEFT
6.3,14.645,1.076,-4.46,2.37,8.52,12.98,16.86,TURNING_LEFT
6.4,14.896,1.057,-2.61,2.52,9.06,11.16,16.61,ACCELERATING
6.5,15.163,1.045,-0.94,2.67,9.6,9.24,16.35,ACCELERATING
6.6,15.444,1.04,0.52,2.82,10.14,5.51,16.07,ACCELERATING
6.7,15.741,1.043,1.43,2.97,10.68,4.02,15.79,ACCELERATING
6.8,16.053,1.05,2.13,3.12,11.22,1.34,15.49,ACCELERATING
6.9,16.379,1.063,2.37,3.27,11.76,-0.37,15.17,ACCELERATING
7.0,16.721,1.077,2.3,3.42,12.3,-1.37,14.85,CRUISING
7.1,17.061,1.09,2.04,3.41,12.28,-1.73,14.53,CRUISING
7.2,17.4,1.103,1.71,3.39,12.19,-2.05,14.21,CRUISING
7.3,17.736,1.113,1.33,3.37,12.12,-2.01,13.89,CRUISING
7.4,18.073,1.12,0.96,3.37,12.13,-1.77,13.57,CRUISING
7.5,18.411,1.126,0.62,3.38,12.18,-1.44,13.25,CRUISING
7.6,18.752,1.13,0.35,3.41,12.26,-1.09,12.93,CRUISING
7.7,19.095,1.132,0.14,3.43,12.34,-0.94,12.6,CRUISING
7.8,19.439,1.133,-0.04,3.44,12.38,-0.57,12.28,CRUISING
7.9,19.785,1.132,-0.15,3.46,12.47,-0.28,11.95,CRUISING
8.0,20.133,1.132,-0.2,3.48,12.53,-0.08,11.63,CRUISING
8.1,20.482,1.13,-0.21,3.5,12.58,0.06,11.3,CRUISING
8.2,20.832,1.129,-0.2,3.5,12.59,0.14,10.97,CRUISING
8.3,21.181,1.128,-0.18,3.49,12.57,0.16,10.65,CRUISING
8.4,21.53,1.127,-0.14,3.49,12.56,0.19,10.33,CRUISING
8.5,21.879,1.126,-0.11,3.49,12.56,0.18,10.01,CRUISING
8.6,22.228,1.125,-0.07,3.49,12.56,1.59,9.69,CRUISING
8.7,22.567,1.125,0.23,3.4,12.22,3.65,9.39,CRUISING
8.8,22.893,1.126,0.89,3.26,11.74,-12.94,9.1,TURNING_RIGHT
8.9,23.199,1.131,-1.35,3.06,11.02,-25.92,8.83,TURNING_RIGHT
9.0,23.485,1.124,-5.77,2.86,10.3,-32.0,8.57,TURNING_RIGHT
9.1,23.75,1.097,-11.07,2.66,9.58,-32.0,8.33,TURNING_RIGHT
9.2,23.991,1.05,-15.96,2.46,8.86,-17.16,8.09,TURNING_RIGHT
9.3,24.22,0.985,-18.29,2.37,8.55,-7.01,7.86,ACCELERATING
9.4,24.459,0.906,-19.28,2.52,9.09,-3.01,7.62,ACCELERATING
9.5,24.712,0.817,-19.73,2.67,9.63,-16.52,7.36,TURNING_RIGHT
9.6,24.945,0.734,-22.07,2.47,8.91,-20.45,7.11,TURNING_RIGHT
9.7,25.155,0.648,-24.76,2.27,8.19,-20.83,6.89,TURNING_RIGHT
9.8,25.349,0.559,-27.35,2.13,7.68,-19.32,6.68,TURNING_RIGHT
9.9,25.547,0.456,-29.84,2.23,8.04,-10.6,6.46,ACCELERATING
10.0,25.754,0.338,-31.26,2.38,8.58,13.25,6.22,TURNING_LEFT
10.1,25.97,0.207,-29.36,2.53,9.12,15.81,5.96,TURNING_LEFT
10.2,26.184,0.087,-27.15,2.45,8.81,8.94,5.72,ACCELERATING
10.3,26.415,-0.032,-25.85,2.6,9.35,-8.9,5.46,CRUISING
10.4,26.654,-0.148,-27.17,2.65,9.56,-12.84,5.2,TURNING_RIGHT
10.5,26.872,-0.26,-28.96,2.45,8.84,-13.15,4.95,TURNING_RIGHT
10.6,27.069,-0.369,-30.63,2.25,8.12,-15.76,4.73,TURNING_RIGHT
10.7,27.246,-0.474,-32.48,2.05,7.4,-17.05,4.52,TURNING_RIGHT
10.8,27.403,-0.573,-34.29,1.85,6.68,-16.02,4.34,TURNING_RIGHT
10.9,27.549,-0.673,-35.91,1.77,6.37,-16.21,4.16,TURNING_RIGHT
11.0,27.686,-0.772,-37.47,1.69,6.08,-11.74,3.99,ACCELERATING
11.1,27.83,-0.883,-38.67,1.82,6.54,-2.81,3.81,ACCELERATING
11.2,27.984,-1.006,-38.98,1.97,7.08,19.44,3.62,TURNING_LEFT
11.3,28.121,-1.117,-37.0,1.77,6.36,20.8,3.44,TURNING_LEFT
11.4,28.246,-1.211,-35.1,1.57,5.64,20.99,3.28,TURNING_LEFT
11.5,28.358,-1.29,-33.43,1.37,4.92,12.71,3.15,TURNING_LEFT
11.6,28.475,-1.367,-32.43,1.4,5.03,12.8,3.01,TURNING_LEFT
11.7,28.587,-1.438,-31.46,1.33,4.8,12.89,2.87,TURNING_LEFT
11.8,28.696,-1.504,-30.54,1.27,4.58,2.37,2.75,ACCELERATING
11.9,28.818,-1.577,-30.35,1.42,5.12,2.38,2.61,CRUISING
12.0,28.943,-1.65,-30.16,1.45,5.23,2.4,2.46,DECELERATING_APPROACH
12.1,29.062,-1.719,-29.98,1.37,4.93,-3.9,2.32,DECELERATING_APPROACH
12.2,29.171,-1.782,-30.25,1.26,4.52,-3.92,2.2,DECELERATING_APPROACH
12.3,29.273,-1.842,-30.51,1.19,4.28,-3.93,2.08,DECELERATING_APPROACH
12.4,29.37,-1.899,-30.75,1.12,4.04,-3.95,1.97,DECELERATING_APPROACH
12.5,29.461,-1.953,-30.99,1.06,3.83,-3.97,1.86,DECELERATING_APPROACH
12.6,29.547,-2.005,-31.21,1.0,3.62,-6.54,1.76,DECELERATING_APPROACH
12.7,29.625,-2.051,-31.54,0.9,3.24,-6.56,1.67,DECELERATING_APPROACH
12.8,29.697,-2.096,-31.85,0.85,3.08,-6.58,1.59,DECELERATING_APPROACH
12.9,29.766,-2.139,-32.15,0.81,2.92,-6.6,1.5,DECELERATING_APPROACH
13.0,29.831,-2.18,-32.43,0.77,2.77,-6.61,1.43,DECELERATING_APPROACH
13.1,29.896,-2.221,-32.71,0.77,2.76,-6.64,1.35,DECELERATING_APPROACH
13.2,29.961,-2.262,-33.0,0.77,2.76,-6.66,1.27,DECELERATING_APPROACH
13.3,30.025,-2.304,-33.28,0.77,2.76,-6.69,1.2,DECELERATING_APPROACH
13.4,30.089,-2.346,-33.57,0.77,2.76,-6.72,1.12,DECELERATING_APPROACH
13.5,30.152,-2.388,-33.85,0.76,2.75,-6.75,1.05,DECELERATING_APPROACH
13.6,30.216,-2.431,-34.14,0.76,2.75,-6.79,0.97,DECELERATING_APPROACH
13.7,30.279,-2.474,-34.43,0.76,2.75,-6.84,0.89,DECELERATING_APPROACH
13.8,30.342,-2.517,-34.72,0.76,2.75,-6.9,0.82,DECELERATING_APPROACH
13.9,30.405,-2.56,-35.02,0.76,2.74,-6.46,0.74,CRUISING
14.0,30.468,-2.604,-35.29,0.77,2.77,-5.97,0.66,CRUISING
14.1,30.531,-2.649,-35.55,0.78,2.8,0.0,0.59,ARRIVED_AT_GOAL
